bucket,count,median_error_h,mean_error_h,p90_error_h
< 1 day,86,69.46578055555555,90.41291437467702,157.68517444444444
1 day,90,81.56003555555554,96.61583576666668,201.4289431111112
1-3 days,157,72.59416666666667,96.50657778485493,189.3841635555556
3-7 days,133,47.71294666666665,65.40456907017544,158.19504533333335
1-4 weeks,263,221.1531511111111,245.79367693493873,490.08473822222226
> 4 weeks,167,1002.0870711111111,1070.0928073579507,1687.153071111111
