{
  "test_metrics": {
    "A": {
      "mae": 316.99838318340363,
      "mdae": 130.35861711290147,
      "mre": 4.987423420572919,
      "pred_25": 10.379464285714286,
      "pred_50": 22.433035714285715,
      "r2": -0.1456109591858541,
      "sa": 16.018788930145313
    },
    "B": {
      "mae": 332.30782917257335,
      "mdae": 121.92425530327691,
      "mre": 5.936504083682591,
      "pred_25": 9.821428571428571,
      "pred_50": 19.866071428571427,
      "r2": -0.25864955399248113,
      "sa": 11.962913937763597
    },
    "C": {
      "mae": 315.733712764108,
      "mdae": 128.95288479275172,
      "mre": 4.800987646640855,
      "pred_25": 10.602678571428571,
      "pred_50": 22.433035714285715,
      "r2": -0.14968004361770548,
      "sa": 16.353833394252938
    }
  },
  "comparisons": {
    "A_vs_B": {
      "wilcoxon_stat": 166293.0,
      "p_value": 7.832159592251924e-06,
      "significant": true,
      "cliffs_delta": -0.029261997767857144,
      "mean_abs_error_1": 316.9983831743552,
      "mean_abs_error_2": 332.3078293896329
    },
    "A_vs_C": {
      "wilcoxon_stat": 191518.0,
      "p_value": 0.22460236406361855,
      "significant": false,
      "cliffs_delta": 0.012991768973214286,
      "mean_abs_error_1": 316.9983831743552,
      "mean_abs_error_2": 315.73371282539676
    },
    "B_vs_C": {
      "wilcoxon_stat": 162706.0,
      "p_value": 8.112919150830756e-07,
      "significant": true,
      "cliffs_delta": 0.03980239556760204,
      "mean_abs_error_1": 332.3078293896329,
      "mean_abs_error_2": 315.73371282539676
    }
  }
}